{"stats": {"trueFalse": [{"user": "Julien", "correct": 8, "incorrect": 3, "firsttry": "N/A", "score": 2.5, "mode": "&type=boolean"}, {"user": "Iwen", "correct": 15, "incorrect": 0, "firsttry": "N/A", "score": 7.5, "mode": "&type=boolean"}, {"user": "Iwen", "correct": 0, "incorrect": 1, "firsttry": "N/A", "score": -0.5, "mode": "&type=boolean"}, {"user": "FinalTest", "correct": 15, "incorrect": 0, "firsttry": "N/A", "score": 7.5, "mode": "&type=boolean"}, {"user": "bads", "correct": 5, "incorrect": 1, "firsttry": "N/A", "score": 2.0, "mode": "&type=boolean"}, {"user": "fcg\u00f6$", "correct": 5, "incorrect": 1, "firsttry": "N/A", "score": 2.0, "mode": "&type=boolean"}, {"user": "dsfghjk", "correct": 4, "incorrect": 1, "firsttry": "N/A", "score": 1.5, "mode": "&type=boolean"}, {"user": "dfghjk", "correct": 5, "incorrect": 1, "firsttry": "N/A", "score": 2.0, "mode": "&type=boolean"}, {"user": "cvbjk", "correct": 5, "incorrect": 1, "firsttry": "N/A", "score": 2.0, "mode": "&type=boolean"}], "multipleChoice": [{"user": "Tim", "correct": 14, "incorrect": 17, "firsttry": 3, "score": 12, "mode": "&type=multiple"}, {"user": "Iwen", "correct": 15, "incorrect": 12, "firsttry": 4, "score": 22, "mode": "&type=multiple"}, {"user": "Niklas", "correct": 11, "incorrect": 21, "firsttry": 1, "score": 5, "mode": "&type=multiple"}, {"user": "Julian", "correct": 22, "incorrect": 5, "firsttry": 6, "score": 35, "mode": "&type=multiple"}, {"user": "sdf", "correct": 0, "incorrect": 1, "firsttry": 0, "score": -0.5, "mode": "&type=multiple"}]}}